date,customer_id,product,price,quantity,coupon_code,shipping_city,discount_percent,gross_total,discount_amount,net_revenue,days_since_purchase,municipality_name,municipal_status,municipal_structure
2025-10-09,C1063,Running Shoes,116.98,1.0,SAVE10,Hamilton,10,116.98,11.698,105.28200000000001,326,Hamilton,City,Single-tier
2026-07-13,C1023,Keyboard,65.4,1.0,FREESHIP,Mississauga,0,65.4,0.0,65.4,49,Mississauga,City,Lower-tier
2025-08-12,C1060,Laptop,941.75,1.0,SAVE10,Toronto,10,941.75,94.17500000000001,847.575,384,Toronto,City,Single-tier
2026-07-13,C1108,Coffee Maker,91.77,2.0,FREESHIP,Hamilton,0,183.54,0.0,183.54,49,Hamilton,City,Single-tier
2025-01-07,C1041,Desk Lamp,37.24,5.0,SAVE15,Mississauga,15,186.20000000000002,27.930000000000003,158.27,601,Mississauga,City,Lower-tier
2025-08-09,C1087,USB Cable,13.96,3.0,SAVE20,Waterloo,20,41.88,8.376000000000001,33.504000000000005,387,Waterloo,City,Lower-tier
2026-01-03,C1089,Wireless Mouse,27.34,4.0,SAVE10,Ottawa,10,109.36,10.936,98.424,240,Ottawa,City,Single-tier
2025-05-08,C1097,Laptop,965.9,4.0,WELCOME10,Waterloo,10,3863.6,386.36,3477.24,480,Waterloo,City,Lower-tier
2026-01-06,C1148,Coffee Maker,91.81,3.0,FREESHIP,Hamilton,0,275.43,0.0,275.43,237,Hamilton,City,Single-tier
2025-08-22,C1075,Hoodie,57.28,1.0,SAVE10,Waterloo,10,57.28,5.728000000000001,51.552,374,Waterloo,City,Lower-tier
2025-10-12,C1117,Headphones,72.32,1.0,NONE,Toronto,0,72.32,0.0,72.32,323,Toronto,City,Single-tier
2025-08-03,C1069,Keyboard,65.63,3.0,SAVE15,Waterloo,15,196.89,29.533499999999997,167.35649999999998,393,Waterloo,City,Lower-tier
2025-09-08,C1042,Water Bottle,26.65,2.0,WELCOME10,Brampton,10,53.3,5.33,47.97,357,Brampton,City,Lower-tier
2026-07-25,C1057,Backpack,47.11,3.0,FREESHIP,London,0,141.32999999999998,0.0,141.32999999999998,37,London,City,Single-tier
2025-11-20,C1103,Laptop,842.72,2.0,SAVE10,Ottawa,10,1685.44,168.544,1516.896,284,Ottawa,City,Single-tier
2025-11-19,C1055,Wireless Mouse,28.09,2.0,WELCOME10,Brampton,10,56.18,5.618,50.562,285,Brampton,City,Lower-tier
2025-09-29,C1036,Backpack,48.03,4.0,SAVE20,Hamilton,20,192.12,38.42400000000001,153.696,336,Hamilton,City,Single-tier
2025-09-27,C1150,Hoodie,55.26,5.0,WELCOME10,Mississauga,10,276.3,27.630000000000003,248.67000000000002,338,Mississauga,City,Lower-tier
2025-08-13,C1036,Water Bottle,24.65,4.0,SAVE15,Brampton,15,98.6,14.79,83.81,383,Brampton,City,Lower-tier
2025-06-06,C1041,Wireless Mouse,28.74,1.0,SAVE10,Mississauga,10,28.74,2.874,25.866,451,Mississauga,City,Lower-tier
2026-01-26,C1120,Water Bottle,25.55,1.0,NONE,Ottawa,0,25.55,0.0,25.55,217,Ottawa,City,Single-tier
2025-04-28,C1138,Coffee Maker,83.5,1.0,FREESHIP,Ottawa,0,83.5,0.0,83.5,490,Ottawa,City,Single-tier
2025-10-28,C1112,Running Shoes,115.0,3.0,SAVE10,Kitchener,10,345.0,34.5,310.5,307,Kitchener,City,Lower-tier
2025-09-27,C1129,Desk Lamp,38.92,1.0,FREESHIP,Kitchener,0,38.92,0.0,38.92,338,Kitchener,City,Lower-tier
2025-11-02,C1130,Coffee Maker,89.2,1.0,FREESHIP,Hamilton,0,89.2,0.0,89.2,302,Hamilton,City,Single-tier
2026-07-07,C1136,Keyboard,63.41,3.0,SAVE20,Toronto,20,190.23,38.046,152.184,55,Toronto,City,Single-tier
2025-01-20,C1029,Water Bottle,23.49,3.0,NONE,London,0,70.47,0.0,70.47,588,London,City,Single-tier
2025-09-04,C1146,Smartphone,701.98,2.0,SAVE10,Waterloo,10,1403.96,140.39600000000002,1263.564,361,Waterloo,City,Lower-tier
2026-06-30,C1033,Wireless Mouse,30.54,4.0,SAVE10,Kitchener,10,122.16,12.216000000000001,109.94399999999999,62,Kitchener,City,Lower-tier
2025-06-19,C1068,Running Shoes,109.11,4.0,WELCOME10,Mississauga,10,436.44,43.644000000000005,392.796,438,Mississauga,City,Lower-tier
2025-07-25,C1080,Headphones,81.71,5.0,FREESHIP,Mississauga,0,408.54999999999995,0.0,408.54999999999995,402,Mississauga,City,Lower-tier
2026-06-14,C1116,Running Shoes,112.08,3.0,NONE,Waterloo,0,336.24,0.0,336.24,78,Waterloo,City,Lower-tier
2025-12-13,C1006,Headphones,73.03,2.0,SAVE10,Hamilton,10,146.06,14.606000000000002,131.454,261,Hamilton,City,Single-tier
2025-03-14,C1016,Water Bottle,27.23,2.0,SAVE10,Hamilton,10,54.46,5.446000000000001,49.014,535,Hamilton,City,Single-tier
2025-03-14,C1132,Wireless Mouse,32.78,1.0,SAVE15,Hamilton,15,32.78,4.917,27.863,535,Hamilton,City,Single-tier
2026-07-07,C1034,Smartphone,743.17,4.0,SAVE20,Brampton,20,2972.68,594.536,2378.144,55,Brampton,City,Lower-tier
2025-07-14,C1025,Headphones,76.86,4.0,NONE,Waterloo,0,307.44,0.0,307.44,413,Waterloo,City,Lower-tier
2026-03-10,C1106,Running Shoes,110.33,4.0,SAVE15,Brampton,15,441.32,66.198,375.122,174,Brampton,City,Lower-tier
2025-04-11,C1016,Hoodie,57.02,1.0,FREESHIP,Mississauga,0,57.02,0.0,57.02,507,Mississauga,City,Lower-tier
2025-09-12,C1050,Hoodie,54.33,3.0,SAVE10,Hamilton,10,162.99,16.299000000000003,146.691,353,Hamilton,City,Single-tier
2026-03-09,C1047,Laptop,83.19,4.0,SAVE20,Ottawa,20,332.76,66.552,266.20799999999997,175,Ottawa,City,Single-tier
2026-03-30,C1141,Desk Lamp,39.95,2.0,SAVE10,Waterloo,10,79.9,7.990000000000001,71.91000000000001,154,Waterloo,City,Lower-tier
2025-04-06,C1061,Laptop,816.18,5.0,SAVE10,Kitchener,10,4080.8999999999996,408.09,3672.8099999999995,512,Kitchener,City,Lower-tier
2025-08-07,C1103,Backpack,54.08,4.0,NONE,Toronto,0,216.32,0.0,216.32,389,Toronto,City,Single-tier
2026-02-04,C1068,Keyboard,57.1,4.0,SAVE10,Brampton,10,228.4,22.840000000000003,205.56,208,Brampton,City,Lower-tier
2026-07-24,C1125,Smartphone,722.74,4.0,FREESHIP,Kitchener,0,2890.96,0.0,2890.96,38,Kitchener,City,Lower-tier
2025-03-01,C1149,Headphones,76.98,3.0,SAVE20,Toronto,20,230.94,46.188,184.752,548,Toronto,City,Single-tier
2025-02-21,C1150,Hoodie,55.21,3.0,SAVE10,Brampton,10,165.63,16.563,149.067,556,Brampton,City,Lower-tier
2025-02-28,C1131,Coffee Maker,90.83,5.0,SAVE20,Waterloo,20,454.15,90.83,363.32,549,Waterloo,City,Lower-tier
2025-03-11,C1061,Keyboard,56.21,1.0,WELCOME10,Mississauga,10,56.21,5.621,50.589,538,Mississauga,City,Lower-tier
2026-08-16,C1011,Wireless Mouse,32.81,5.0,SAVE20,Waterloo,20,164.05,32.81,131.24,15,Waterloo,City,Lower-tier
2026-06-20,C1081,Backpack,52.74,5.0,WELCOME10,Ottawa,10,263.7,26.37,237.32999999999998,72,Ottawa,City,Single-tier
2025-09-29,C1102,Headphones,87.02,3.0,SAVE20,Kitchener,20,261.06,52.212,208.848,336,Kitchener,City,Lower-tier
2025-11-20,C1019,Running Shoes,129.47,3.0,NONE,Toronto,0,388.40999999999997,0.0,388.40999999999997,284,Toronto,City,Single-tier
2025-04-13,C1019,Desk Lamp,40.77,5.0,WELCOME10,Hamilton,10,203.85000000000002,20.385000000000005,183.46500000000003,505,Hamilton,City,Single-tier
2025-12-24,C1018,Coffee Maker,97.58,3.0,NONE,Hamilton,0,292.74,0.0,292.74,250,Hamilton,City,Single-tier
2026-03-25,C1140,USB Cable,13.76,3.0,SAVE20,Ottawa,20,41.28,8.256,33.024,159,Ottawa,City,Single-tier
2026-07-22,C1077,Water Bottle,23.47,5.0,SAVE10,Waterloo,10,117.35,11.735,105.615,40,Waterloo,City,Lower-tier
2025-04-20,C1142,Keyboard,54.53,3.0,SAVE10,Kitchener,10,163.59,16.359,147.231,498,Kitchener,City,Lower-tier
2025-08-04,C1088,Smartphone,675.54,3.0,WELCOME10,Hamilton,10,2026.62,202.662,1823.9579999999999,392,Hamilton,City,Single-tier
2026-05-16,C1065,Running Shoes,117.32,3.0,WELCOME10,Toronto,10,351.96,35.196,316.764,107,Toronto,City,Single-tier
2025-02-15,C1001,Wireless Mouse,28.62,4.0,SAVE15,London,15,114.48,17.172,97.308,562,London,City,Single-tier
2026-03-29,C1142,Keyboard,63.93,3.0,SAVE20,Mississauga,20,191.79,38.358,153.432,155,Mississauga,City,Lower-tier
2025-03-19,C1039,Coffee Maker,87.41,1.0,SAVE10,Toronto,10,87.41,8.741,78.669,530,Toronto,City,Single-tier
2025-06-01,C1111,USB Cable,14.33,5.0,WELCOME10,Kitchener,10,71.65,7.165000000000001,64.485,456,Kitchener,City,Lower-tier
2025-02-10,C1092,Laptop,907.68,3.0,SAVE15,Hamilton,15,2723.04,408.45599999999996,2314.584,567,Hamilton,City,Single-tier
2025-04-16,C1091,Running Shoes,111.37,2.0,FREESHIP,Mississauga,0,222.74,0.0,222.74,502,Mississauga,City,Lower-tier
2025-06-16,C1046,Water Bottle,26.5,2.0,SAVE20,Mississauga,20,53.0,10.600000000000001,42.4,441,Mississauga,City,Lower-tier
2025-12-07,C1106,Laptop,823.41,2.0,FREESHIP,Hamilton,0,1646.82,0.0,1646.82,267,Hamilton,City,Single-tier
2025-04-21,C1098,Smartphone,768.15,2.0,FREESHIP,Toronto,0,1536.3,0.0,1536.3,497,Toronto,City,Single-tier
2026-04-17,C1090,Desk Lamp,42.17,2.0,SAVE20,Ottawa,20,84.34,16.868000000000002,67.47200000000001,136,Ottawa,City,Single-tier
2025-07-17,C1103,Headphones,75.17,2.0,SAVE10,London,10,150.34,15.034,135.306,410,London,City,Single-tier
2025-12-26,C1131,Smartphone,630.76,1.0,SAVE15,Mississauga,15,630.76,94.61399999999999,536.146,248,Mississauga,City,Lower-tier
2025-01-29,C1030,Running Shoes,127.56,5.0,SAVE15,Ottawa,15,637.8,95.66999999999999,542.13,579,Ottawa,City,Single-tier
2025-02-09,C1028,Keyboard,62.47,5.0,SAVE15,Mississauga,15,312.35,46.8525,265.4975,568,Mississauga,City,Lower-tier
2025-02-15,C1112,Water Bottle,26.35,2.0,SAVE15,Toronto,15,52.7,7.905,44.795,562,Toronto,City,Single-tier
2025-07-21,C1094,Coffee Maker,82.32,5.0,FREESHIP,Mississauga,0,411.59999999999997,0.0,411.59999999999997,406,Mississauga,City,Lower-tier
2025-11-18,C1032,Wireless Mouse,29.14,3.0,WELCOME10,Ottawa,10,87.42,8.742,78.678,286,Ottawa,City,Single-tier
2026-02-23,C1084,Coffee Maker,83.08,3.0,FREESHIP,Mississauga,0,249.24,0.0,249.24,189,Mississauga,City,Lower-tier
2025-05-11,C1050,Hoodie,58.98,3.0,WELCOME10,Mississauga,10,176.94,17.694,159.246,477,Mississauga,City,Lower-tier
2025-06-28,C1146,Running Shoes,122.95,4.0,FREESHIP,Ottawa,0,491.8,0.0,491.8,429,Ottawa,City,Single-tier
2025-11-08,C1074,Backpack,48.3,5.0,SAVE10,Hamilton,10,241.5,24.150000000000002,217.35,296,Hamilton,City,Single-tier
2025-11-26,C1120,Backpack,45.63,5.0,WELCOME10,Brampton,10,228.15,22.815,205.335,278,Brampton,City,Lower-tier
2026-04-30,C1044,Desk Lamp,38.48,2.0,WELCOME10,Waterloo,10,76.96,7.696,69.264,123,Waterloo,City,Lower-tier
2025-12-10,C1024,Smartphone,675.52,5.0,FREESHIP,Hamilton,0,3377.6,0.0,3377.6,264,Hamilton,City,Single-tier
2025-07-23,C1038,Running Shoes,125.5,3.0,SAVE20,Toronto,20,376.5,75.3,301.2,404,Toronto,City,Single-tier
2025-03-16,C1117,Laptop,924.75,2.0,NONE,Mississauga,0,1849.5,0.0,1849.5,533,Mississauga,City,Lower-tier
2026-01-29,C1127,Running Shoes,129.28,5.0,SAVE20,Mississauga,20,646.4,129.28,517.12,214,Mississauga,City,Lower-tier
2025-01-06,C1028,Headphones,79.55,2.0,FREESHIP,Mississauga,0,159.1,0.0,159.1,602,Mississauga,City,Lower-tier
2026-04-13,C1035,Coffee Maker,93.83,2.0,SAVE10,Brampton,10,187.66,18.766000000000002,168.894,140,Brampton,City,Lower-tier
2025-11-21,C1114,Running Shoes,126.25,5.0,WELCOME10,Mississauga,10,631.25,63.125,568.125,283,Mississauga,City,Lower-tier
2026-05-02,C1116,Coffee Maker,91.09,4.0,SAVE20,Ottawa,20,364.36,72.872,291.488,121,Ottawa,City,Single-tier
2026-05-12,C1062,Headphones,84.32,3.0,WELCOME10,Ottawa,10,252.95999999999998,25.296,227.664,111,Ottawa,City,Single-tier
2025-10-20,C1061,Desk Lamp,39.94,1.0,FREESHIP,Ottawa,0,39.94,0.0,39.94,315,Ottawa,City,Single-tier
2025-03-24,C1036,USB Cable,15.06,3.0,WELCOME10,Kitchener,10,45.18,4.518,40.662,525,Kitchener,City,Lower-tier
2025-06-06,C1055,Headphones,78.83,4.0,FREESHIP,Waterloo,0,315.32,0.0,315.32,451,Waterloo,City,Lower-tier
2026-07-10,C1120,Backpack,45.25,4.0,SAVE15,Mississauga,15,181.0,27.15,153.85,52,Mississauga,City,Lower-tier
2026-02-03,C1150,Laptop,829.41,2.0,NONE,Toronto,0,1658.82,0.0,1658.82,209,Toronto,City,Single-tier
2025-01-07,C1091,Water Bottle,22.65,4.0,NONE,Ottawa,0,90.6,0.0,90.6,601,Ottawa,City,Single-tier
2026-07-14,C1057,Backpack,51.35,4.0,WELCOME10,Brampton,10,205.4,20.540000000000003,184.86,48,Brampton,City,Lower-tier
2026-05-13,C1008,Headphones,77.02,3.0,NONE,Mississauga,0,231.06,0.0,231.06,110,Mississauga,City,Lower-tier
2025-06-19,C1120,USB Cable,15.02,4.0,FREESHIP,Kitchener,0,60.08,0.0,60.08,438,Kitchener,City,Lower-tier
2026-02-08,C1145,Water Bottle,27.03,5.0,SAVE10,Toronto,10,135.15,13.515,121.635,204,Toronto,City,Single-tier
2025-08-05,C1117,Smartphone,687.44,4.0,SAVE15,London,15,2749.76,412.464,2337.2960000000003,391,London,City,Single-tier
2026-03-08,C1065,USB Cable,15.76,4.0,SAVE15,Waterloo,15,63.04,9.456,53.584,176,Waterloo,City,Lower-tier
2026-07-07,C1014,Desk Lamp,37.82,1.0,FREESHIP,London,0,37.82,0.0,37.82,55,London,City,Single-tier
2025-02-11,C1008,Headphones,73.22,1.0,FREESHIP,Hamilton,0,73.22,0.0,73.22,566,Hamilton,City,Single-tier
2025-06-06,C1062,Headphones,76.63,1.0,WELCOME10,Kitchener,10,76.63,7.663,68.967,451,Kitchener,City,Lower-tier
2025-08-12,C1120,Desk Lamp,37.28,1.0,WELCOME10,Ottawa,10,37.28,3.728,33.552,384,Ottawa,City,Single-tier
2025-04-28,C1042,USB Cable,16.28,2.0,WELCOME10,Ottawa,10,32.56,3.2560000000000002,29.304000000000002,490,Ottawa,City,Single-tier
2025-11-16,C1148,Wireless Mouse,31.84,5.0,SAVE10,Mississauga,10,159.2,15.92,143.28,288,Mississauga,City,Lower-tier
2026-08-30,C1063,Backpack,51.32,2.0,SAVE10,Waterloo,10,102.64,10.264000000000001,92.376,1,Waterloo,City,Lower-tier
2025-05-04,C1145,Hoodie,59.08,3.0,FREESHIP,Toronto,0,177.24,0.0,177.24,484,Toronto,City,Single-tier
2026-01-15,C1018,USB Cable,15.9,5.0,NONE,London,0,79.5,0.0,79.5,228,London,City,Single-tier
2025-04-19,C1111,Laptop,843.57,4.0,NONE,London,0,3374.28,0.0,3374.28,499,London,City,Single-tier
2025-06-06,C1112,Running Shoes,129.41,4.0,FREESHIP,Kitchener,0,517.64,0.0,517.64,451,Kitchener,City,Lower-tier
2025-10-04,C1138,Hoodie,55.42,5.0,FREESHIP,Brampton,0,277.1,0.0,277.1,331,Brampton,City,Lower-tier
2026-04-07,C1063,Headphones,86.33,1.0,SAVE15,Brampton,15,86.33,12.949499999999999,73.3805,146,Brampton,City,Lower-tier
2026-01-24,C1087,Water Bottle,24.08,5.0,FREESHIP,Toronto,0,120.39999999999999,0.0,120.39999999999999,219,Toronto,City,Single-tier
2026-05-15,C1055,Desk Lamp,36.87,3.0,SAVE20,London,20,110.60999999999999,22.122,88.48799999999999,108,London,City,Single-tier
2025-10-10,C1143,Smartphone,661.9,3.0,SAVE15,Toronto,15,1985.6999999999998,297.85499999999996,1687.8449999999998,325,Toronto,City,Single-tier
2025-09-05,C1105,Coffee Maker,88.68,2.0,SAVE10,Brampton,10,177.36,17.736,159.62400000000002,360,Brampton,City,Lower-tier
2026-05-03,C1126,Coffee Maker,95.71,2.0,FREESHIP,Brampton,0,191.42,0.0,191.42,120,Brampton,City,Lower-tier
2025-08-15,C1104,Laptop,964.92,1.0,SAVE15,Hamilton,15,964.92,144.738,820.182,381,Hamilton,City,Single-tier
2026-04-30,C1142,Smartphone,630.96,5.0,SAVE15,London,15,3154.8,473.22,2681.58,123,London,City,Single-tier
2025-12-27,C1117,Backpack,50.1,5.0,SAVE15,Ottawa,15,250.5,37.574999999999996,212.925,247,Ottawa,City,Single-tier
2025-05-04,C1050,Smartphone,688.43,3.0,SAVE20,London,20,2065.29,413.058,1652.232,484,London,City,Single-tier
2025-07-09,C1050,Wireless Mouse,28.32,5.0,FREESHIP,Hamilton,0,141.6,0.0,141.6,418,Hamilton,City,Single-tier
2026-08-27,C1135,Hoodie,50.81,4.0,SAVE15,Ottawa,15,203.24,30.486,172.75400000000002,4,Ottawa,City,Single-tier
2025-08-21,C1093,Wireless Mouse,29.02,2.0,SAVE15,Kitchener,15,58.04,8.706,49.334,375,Kitchener,City,Lower-tier
2026-07-01,C1033,Smartphone,762.0,1.0,FREESHIP,Ottawa,0,762.0,0.0,762.0,61,Ottawa,City,Single-tier
2025-10-27,C1033,Laptop,868.17,1.0,WELCOME10,Brampton,10,868.17,86.81700000000001,781.353,308,Brampton,City,Lower-tier
2025-10-19,C1121,Wireless Mouse,30.1,1.0,WELCOME10,Brampton,10,30.1,3.0100000000000002,27.09,316,Brampton,City,Lower-tier
2025-02-22,C1065,Desk Lamp,41.61,3.0,SAVE20,Brampton,20,124.83,24.966,99.864,555,Brampton,City,Lower-tier
2026-05-19,C1019,Wireless Mouse,29.17,1.0,NONE,Toronto,0,29.17,0.0,29.17,104,Toronto,City,Single-tier
2025-11-08,C1022,Keyboard,65.65,2.0,WELCOME10,Hamilton,10,131.3,13.130000000000003,118.17000000000002,296,Hamilton,City,Single-tier
2025-08-20,C1134,Wireless Mouse,32.76,5.0,NONE,Mississauga,0,163.79999999999998,0.0,163.79999999999998,376,Mississauga,City,Lower-tier
2026-08-26,C1110,Desk Lamp,38.0,4.0,SAVE15,Ottawa,15,152.0,22.8,129.2,5,Ottawa,City,Single-tier
2025-04-12,C1054,Water Bottle,24.98,5.0,SAVE10,Hamilton,10,124.9,12.490000000000002,112.41,506,Hamilton,City,Single-tier
2025-09-03,C1045,Smartphone,672.11,1.0,SAVE20,Waterloo,20,672.11,134.422,537.688,362,Waterloo,City,Lower-tier
2026-04-07,C1121,Keyboard,57.41,1.0,NONE,Ottawa,0,57.41,0.0,57.41,146,Ottawa,City,Single-tier
2025-10-17,C1117,Laptop,816.63,2.0,SAVE15,Waterloo,15,1633.26,244.98899999999998,1388.271,318,Waterloo,City,Lower-tier
2026-08-27,C1051,Running Shoes,122.62,2.0,SAVE15,Mississauga,15,245.24,36.786,208.454,4,Mississauga,City,Lower-tier
2025-06-02,C1069,Wireless Mouse,30.01,5.0,SAVE20,Kitchener,20,150.05,30.010000000000005,120.04,455,Kitchener,City,Lower-tier
2025-11-11,C1146,Wireless Mouse,27.3,1.0,SAVE20,Ottawa,20,27.3,5.460000000000001,21.84,293,Ottawa,City,Single-tier
2025-11-08,C1104,Desk Lamp,38.22,1.0,NONE,Ottawa,0,38.22,0.0,38.22,296,Ottawa,City,Single-tier
2025-09-14,C1007,Backpack,47.39,3.0,WELCOME10,Waterloo,10,142.17000000000002,14.217000000000002,127.95300000000002,351,Waterloo,City,Lower-tier
2025-01-22,C1069,Headphones,74.31,5.0,WELCOME10,Toronto,10,371.55,37.155,334.395,586,Toronto,City,Single-tier
2026-03-29,C1072,Keyboard,59.86,4.0,WELCOME10,Kitchener,10,239.44,23.944000000000003,215.49599999999998,155,Kitchener,City,Lower-tier
2026-05-19,C1024,Water Bottle,27.42,4.0,FREESHIP,Brampton,0,109.68,0.0,109.68,104,Brampton,City,Lower-tier
2025-11-25,C1027,USB Cable,14.22,4.0,SAVE15,Kitchener,15,56.88,8.532,48.348,279,Kitchener,City,Lower-tier
2026-05-23,C1074,USB Cable,15.51,4.0,FREESHIP,Mississauga,0,62.04,0.0,62.04,100,Mississauga,City,Lower-tier
2025-04-01,C1081,Coffee Maker,94.7,1.0,NONE,Ottawa,0,94.7,0.0,94.7,517,Ottawa,City,Single-tier
2026-06-11,C1001,USB Cable,14.2,1.0,NONE,Brampton,0,14.2,0.0,14.2,81,Brampton,City,Lower-tier
2026-06-15,C1093,Backpack,52.27,1.0,SAVE20,Brampton,20,52.27,10.454,41.816,77,Brampton,City,Lower-tier
2025-07-28,C1069,Running Shoes,116.82,4.0,SAVE10,Kitchener,10,467.28,46.728,420.55199999999996,399,Kitchener,City,Lower-tier
2026-05-12,C1032,Smartphone,718.51,4.0,FREESHIP,Toronto,0,2874.04,0.0,2874.04,111,Toronto,City,Single-tier
2025-06-12,C1080,Running Shoes,123.19,5.0,SAVE20,Toronto,20,615.95,123.19000000000001,492.76000000000005,445,Toronto,City,Single-tier
2025-08-19,C1030,Coffee Maker,90.63,4.0,SAVE10,Brampton,10,362.52,36.252,326.268,377,Brampton,City,Lower-tier
2025-10-26,C1131,Wireless Mouse,27.53,2.0,NONE,Ottawa,0,55.06,0.0,55.06,309,Ottawa,City,Single-tier
2025-09-07,C1117,Backpack,53.34,4.0,NONE,Kitchener,0,213.36,0.0,213.36,358,Kitchener,City,Lower-tier
2026-06-05,C1035,Backpack,48.2,2.0,WELCOME10,Waterloo,10,96.4,9.64,86.76,87,Waterloo,City,Lower-tier
2026-06-04,C1069,Smartphone,656.1,4.0,SAVE15,Toronto,15,2624.4,393.66,2230.7400000000002,88,Toronto,City,Single-tier
2026-08-17,C1126,Smartphone,635.7,3.0,WELCOME10,Kitchener,10,1907.1000000000001,190.71000000000004,1716.39,14,Kitchener,City,Lower-tier
2025-12-20,C1086,Desk Lamp,40.72,5.0,NONE,Mississauga,0,203.6,0.0,203.6,254,Mississauga,City,Lower-tier
2025-09-02,C1147,Desk Lamp,41.41,3.0,SAVE20,Mississauga,20,124.22999999999999,24.846,99.38399999999999,363,Mississauga,City,Lower-tier
2025-11-22,C1122,Headphones,72.26,4.0,SAVE10,Mississauga,10,289.04,28.904000000000003,260.136,282,Mississauga,City,Lower-tier
2025-02-07,C1033,Backpack,50.11,2.0,NONE,London,0,100.22,0.0,100.22,570,London,City,Single-tier
2026-06-23,C1117,Wireless Mouse,28.35,4.0,SAVE10,Toronto,10,113.4,11.340000000000002,102.06,69,Toronto,City,Single-tier
2025-06-08,C1020,Hoodie,56.59,2.0,NONE,Brampton,0,113.18,0.0,113.18,449,Brampton,City,Lower-tier
2025-11-21,C1125,Running Shoes,124.57,5.0,NONE,Toronto,0,622.8499999999999,0.0,622.8499999999999,283,Toronto,City,Single-tier
2025-10-22,C1059,Water Bottle,24.42,1.0,SAVE20,Waterloo,20,24.42,4.884,19.536,313,Waterloo,City,Lower-tier
2025-04-13,C1114,Backpack,54.36,1.0,FREESHIP,Kitchener,0,54.36,0.0,54.36,505,Kitchener,City,Lower-tier
2025-02-17,C1084,Hoodie,51.0,3.0,SAVE10,Toronto,10,153.0,15.3,137.7,560,Toronto,City,Single-tier
2026-03-18,C1038,Smartphone,677.74,3.0,SAVE15,Hamilton,15,2033.22,304.983,1728.237,166,Hamilton,City,Single-tier
2025-07-04,C1044,Coffee Maker,83.03,4.0,WELCOME10,Kitchener,10,332.12,33.212,298.908,423,Kitchener,City,Lower-tier
2025-09-04,C1128,Wireless Mouse,32.54,5.0,NONE,Kitchener,0,162.7,0.0,162.7,361,Kitchener,City,Lower-tier
2025-09-18,C1118,Headphones,86.03,4.0,FREESHIP,Ottawa,0,344.12,0.0,344.12,347,Ottawa,City,Single-tier
2025-10-22,C1140,Running Shoes,114.18,1.0,NONE,Kitchener,0,114.18,0.0,114.18,313,Kitchener,City,Lower-tier
2026-08-25,C1077,Wireless Mouse,30.95,4.0,SAVE15,Mississauga,15,123.8,18.57,105.22999999999999,6,Mississauga,City,Lower-tier
2025-11-06,C1051,Hoodie,58.48,3.0,NONE,Mississauga,0,175.44,0.0,175.44,298,Mississauga,City,Lower-tier
2026-01-26,C1147,Desk Lamp,40.43,1.0,SAVE20,London,20,40.43,8.086,32.344,217,London,City,Single-tier
2025-10-30,C1006,Water Bottle,25.14,3.0,FREESHIP,Mississauga,0,75.42,0.0,75.42,305,Mississauga,City,Lower-tier
2025-02-20,C1128,Smartphone,663.85,1.0,WELCOME10,Ottawa,10,663.85,66.385,597.465,557,Ottawa,City,Single-tier
2025-08-13,C1049,Headphones,73.48,5.0,SAVE15,Ottawa,15,367.40000000000003,55.11000000000001,312.29,383,Ottawa,City,Single-tier
2025-04-10,C1011,Running Shoes,129.52,2.0,FREESHIP,Ottawa,0,259.04,0.0,259.04,508,Ottawa,City,Single-tier
2026-01-09,C1034,Desk Lamp,43.19,1.0,WELCOME10,Waterloo,10,43.19,4.319,38.870999999999995,234,Waterloo,City,Lower-tier
2026-03-02,C1045,Smartphone,718.62,3.0,FREESHIP,Hamilton,0,2155.86,0.0,2155.86,182,Hamilton,City,Single-tier
2026-06-28,C1129,Keyboard,58.06,5.0,SAVE15,Ottawa,15,290.3,43.545,246.755,64,Ottawa,City,Single-tier
2025-10-30,C1087,Keyboard,58.18,3.0,NONE,Waterloo,0,174.54,0.0,174.54,305,Waterloo,City,Lower-tier
2025-08-20,C1102,Desk Lamp,41.8,1.0,SAVE20,London,20,41.8,8.36,33.44,376,London,City,Single-tier
2025-09-28,C1138,Wireless Mouse,32.37,4.0,SAVE10,Waterloo,10,129.48,12.948,116.53199999999998,337,Waterloo,City,Lower-tier
2025-09-26,C1150,Desk Lamp,43.09,3.0,FREESHIP,Mississauga,0,129.27,0.0,129.27,339,Mississauga,City,Lower-tier
2025-08-28,C1121,Running Shoes,126.71,3.0,SAVE10,Toronto,10,380.13,38.013,342.117,368,Toronto,City,Single-tier
2025-08-15,C1017,Water Bottle,25.7,5.0,SAVE15,Brampton,15,128.5,19.275,109.225,381,Brampton,City,Lower-tier
2026-02-23,C1030,Hoodie,50.42,3.0,FREESHIP,Kitchener,0,151.26,0.0,151.26,189,Kitchener,City,Lower-tier
2026-05-20,C1030,Laptop,839.08,1.0,SAVE15,Waterloo,15,839.08,125.862,713.2180000000001,103,Waterloo,City,Lower-tier
2026-02-02,C1117,Headphones,86.37,5.0,SAVE20,London,20,431.85,86.37,345.48,210,London,City,Single-tier
2026-08-25,C1040,Running Shoes,122.54,5.0,NONE,Mississauga,0,612.7,0.0,612.7,6,Mississauga,City,Lower-tier
2026-02-22,C1072,Running Shoes,108.21,1.0,NONE,Toronto,0,108.21,0.0,108.21,190,Toronto,City,Single-tier
2026-03-31,C1114,Hoodie,50.61,3.0,SAVE20,Hamilton,20,151.82999999999998,30.366,121.46399999999998,153,Hamilton,City,Single-tier
2026-01-12,C1140,USB Cable,15.48,1.0,FREESHIP,London,0,15.48,0.0,15.48,231,London,City,Single-tier
2025-07-14,C1032,Laptop,810.9,4.0,SAVE15,Brampton,15,3243.6,486.53999999999996,2757.06,413,Brampton,City,Lower-tier
2025-01-22,C1013,Wireless Mouse,27.96,2.0,FREESHIP,London,0,55.92,0.0,55.92,586,London,City,Single-tier
2025-07-30,C1018,Headphones,80.77,2.0,WELCOME10,Hamilton,10,161.54,16.154,145.386,397,Hamilton,City,Single-tier
2025-12-03,C1038,Water Bottle,25.95,2.0,SAVE20,Toronto,20,51.9,10.38,41.519999999999996,271,Toronto,City,Single-tier
2026-07-08,C1065,Smartphone,721.26,2.0,SAVE20,Kitchener,20,1442.52,288.504,1154.016,54,Kitchener,City,Lower-tier
2025-01-16,C1092,Wireless Mouse,28.34,1.0,SAVE20,Hamilton,20,28.34,5.668,22.672,592,Hamilton,City,Single-tier
2025-06-28,C1068,Water Bottle,26.05,3.0,SAVE10,Toronto,10,78.15,7.815000000000001,70.33500000000001,429,Toronto,City,Single-tier
2025-04-27,C1017,Keyboard,56.84,4.0,WELCOME10,Brampton,10,227.36,22.736000000000004,204.62400000000002,491,Brampton,City,Lower-tier
2026-08-31,C1028,Desk Lamp,38.59,3.0,WELCOME10,Brampton,10,115.77000000000001,11.577000000000002,104.19300000000001,0,Brampton,City,Lower-tier
2025-02-14,C1134,Coffee Maker,94.43,2.0,WELCOME10,Ottawa,10,188.86,18.886000000000003,169.97400000000002,563,Ottawa,City,Single-tier
2026-05-06,C1103,Desk Lamp,41.19,1.0,SAVE10,Mississauga,10,41.19,4.119,37.071,117,Mississauga,City,Lower-tier
2026-03-31,C1019,Running Shoes,128.37,1.0,NONE,Waterloo,0,128.37,0.0,128.37,153,Waterloo,City,Lower-tier
2025-03-09,C1033,USB Cable,15.46,5.0,SAVE20,Ottawa,20,77.30000000000001,15.460000000000003,61.84000000000001,540,Ottawa,City,Single-tier
2025-11-29,C1098,Water Bottle,25.33,5.0,WELCOME10,Ottawa,10,126.64999999999999,12.665,113.98499999999999,275,Ottawa,City,Single-tier
2026-03-17,C1026,Desk Lamp,36.74,5.0,WELCOME10,Waterloo,10,183.70000000000002,18.37,165.33,167,Waterloo,City,Lower-tier
2025-08-09,C1111,Running Shoes,116.82,5.0,FREESHIP,Brampton,0,584.0999999999999,0.0,584.0999999999999,387,Brampton,City,Lower-tier
2026-04-10,C1103,Headphones,76.23,4.0,SAVE15,Mississauga,15,304.92,45.738,259.182,143,Mississauga,City,Lower-tier
2026-03-14,C1081,Hoodie,52.17,1.0,SAVE15,Ottawa,15,52.17,7.8255,44.344500000000004,170,Ottawa,City,Single-tier
2026-05-01,C1018,USB Cable,16.41,2.0,FREESHIP,Waterloo,0,32.82,0.0,32.82,122,Waterloo,City,Lower-tier
2025-04-09,C1096,Wireless Mouse,29.35,1.0,NONE,Kitchener,0,29.35,0.0,29.35,509,Kitchener,City,Lower-tier
2026-07-30,C1144,Coffee Maker,97.05,1.0,WELCOME10,London,10,97.05,9.705,87.345,32,London,City,Single-tier
2025-12-29,C1109,Running Shoes,123.14,1.0,NONE,Toronto,0,123.14,0.0,123.14,245,Toronto,City,Single-tier
2025-12-27,C1027,Smartphone,741.26,5.0,SAVE15,Hamilton,15,3706.3,555.945,3150.355,247,Hamilton,City,Single-tier
2025-04-21,C1090,Keyboard,60.02,4.0,SAVE20,London,20,240.08,48.016000000000005,192.06400000000002,497,London,City,Single-tier
2025-08-20,C1110,Wireless Mouse,30.45,3.0,WELCOME10,Toronto,10,91.35,9.135,82.21499999999999,376,Toronto,City,Single-tier
2025-07-04,C1070,Water Bottle,24.95,3.0,SAVE10,Ottawa,10,74.85,7.484999999999999,67.365,423,Ottawa,City,Single-tier
2025-07-05,C1037,USB Cable,14.08,3.0,SAVE10,Mississauga,10,42.24,4.224,38.016000000000005,422,Mississauga,City,Lower-tier
2025-02-01,C1024,Wireless Mouse,31.32,2.0,FREESHIP,Hamilton,0,62.64,0.0,62.64,576,Hamilton,City,Single-tier
2025-12-16,C1041,Backpack,47.8,4.0,NONE,London,0,191.2,0.0,191.2,258,London,City,Single-tier
2025-03-28,C1014,Smartphone,633.4,3.0,WELCOME10,Kitchener,10,1900.1999999999998,190.01999999999998,1710.1799999999998,521,Kitchener,City,Lower-tier
2025-03-25,C1070,Keyboard,61.74,5.0,SAVE10,Brampton,10,308.7,30.87,277.83,524,Brampton,City,Lower-tier
2026-03-29,C1107,Running Shoes,112.24,4.0,NONE,Ottawa,0,448.96,0.0,448.96,155,Ottawa,City,Single-tier
2025-12-20,C1111,Headphones,87.04,5.0,SAVE10,Waterloo,10,435.20000000000005,43.52000000000001,391.68000000000006,254,Waterloo,City,Lower-tier
2026-06-24,C1079,Smartphone,763.54,5.0,NONE,Toronto,0,3817.7,0.0,3817.7,68,Toronto,City,Single-tier
2025-02-26,C1002,Headphones,86.63,4.0,WELCOME10,Hamilton,10,346.52,34.652,311.868,551,Hamilton,City,Single-tier
2025-09-19,C1075,Smartphone,681.81,2.0,SAVE20,London,20,1363.62,272.724,1090.896,346,London,City,Single-tier
2026-03-17,C1045,Wireless Mouse,27.08,1.0,NONE,Kitchener,0,27.08,0.0,27.08,167,Kitchener,City,Lower-tier
2025-08-24,C1129,Backpack,54.27,5.0,FREESHIP,London,0,271.35,0.0,271.35,372,London,City,Single-tier
2025-02-13,C1112,Wireless Mouse,29.56,4.0,FREESHIP,Toronto,0,118.24,0.0,118.24,564,Toronto,City,Single-tier
2026-08-13,C1110,Desk Lamp,43.72,1.0,SAVE15,Mississauga,15,43.72,6.558,37.162,18,Mississauga,City,Lower-tier
2025-04-28,C1104,Hoodie,60.09,4.0,SAVE15,Toronto,15,240.36,36.054,204.306,490,Toronto,City,Single-tier
2026-04-17,C1093,USB Cable,16.05,2.0,WELCOME10,Waterloo,10,32.1,3.2100000000000004,28.89,136,Waterloo,City,Lower-tier
2026-03-23,C1103,Backpack,47.93,1.0,SAVE20,Waterloo,20,47.93,9.586,38.344,161,Waterloo,City,Lower-tier
2025-12-14,C1057,Backpack,48.84,3.0,FREESHIP,London,0,146.52,0.0,146.52,260,London,City,Single-tier
2025-04-27,C1136,Keyboard,64.2,1.0,WELCOME10,Hamilton,10,64.2,6.420000000000001,57.78,491,Hamilton,City,Single-tier
2025-06-01,C1061,USB Cable,14.44,3.0,FREESHIP,Waterloo,0,43.32,0.0,43.32,456,Waterloo,City,Lower-tier
2025-06-27,C1040,Keyboard,56.02,3.0,SAVE20,Waterloo,20,168.06,33.612,134.448,430,Waterloo,City,Lower-tier
2026-08-01,C1149,Keyboard,60.67,4.0,NONE,Brampton,0,242.68,0.0,242.68,30,Brampton,City,Lower-tier
2025-11-27,C1081,Running Shoes,130.46,5.0,FREESHIP,Kitchener,0,652.3000000000001,0.0,652.3000000000001,277,Kitchener,City,Lower-tier
2026-03-29,C1078,Desk Lamp,41.56,1.0,NONE,Ottawa,0,41.56,0.0,41.56,155,Ottawa,City,Single-tier
2026-06-04,C1019,Water Bottle,25.34,1.0,SAVE15,Ottawa,15,25.34,3.8009999999999997,21.539,88,Ottawa,City,Single-tier
2025-02-28,C1095,Desk Lamp,36.77,4.0,SAVE10,Ottawa,10,147.08,14.708000000000002,132.372,549,Ottawa,City,Single-tier
2026-06-04,C1099,Wireless Mouse,30.68,1.0,WELCOME10,Brampton,10,30.68,3.068,27.612,88,Brampton,City,Lower-tier
2025-02-12,C1116,Water Bottle,27.44,5.0,FREESHIP,Hamilton,0,137.20000000000002,0.0,137.20000000000002,565,Hamilton,City,Single-tier
2026-05-29,C1039,USB Cable,13.91,5.0,NONE,Toronto,0,69.55,0.0,69.55,94,Toronto,City,Single-tier
2025-03-28,C1130,Desk Lamp,40.14,1.0,SAVE15,Kitchener,15,40.14,6.021,34.119,521,Kitchener,City,Lower-tier
2026-03-25,C1113,Laptop,967.92,2.0,FREESHIP,Kitchener,0,1935.84,0.0,1935.84,159,Kitchener,City,Lower-tier
2026-02-01,C1105,USB Cable,15.71,3.0,SAVE15,London,15,47.13,7.069500000000001,40.060500000000005,211,London,City,Single-tier
2025-12-09,C1017,Running Shoes,124.72,5.0,SAVE10,London,10,623.6,62.36000000000001,561.24,265,London,City,Single-tier
2026-01-31,C1073,Wireless Mouse,31.2,5.0,FREESHIP,Ottawa,0,156.0,0.0,156.0,212,Ottawa,City,Single-tier
2025-12-08,C1021,Hoodie,53.44,5.0,SAVE20,Kitchener,20,267.2,53.44,213.76,266,Kitchener,City,Lower-tier
2026-02-06,C1034,USB Cable,14.37,3.0,FREESHIP,Waterloo,0,43.11,0.0,43.11,206,Waterloo,City,Lower-tier
2025-12-03,C1033,Smartphone,743.3,5.0,NONE,Waterloo,0,3716.5,0.0,3716.5,271,Waterloo,City,Lower-tier
2026-01-06,C1005,Running Shoes,127.43,4.0,WELCOME10,London,10,509.72,50.97200000000001,458.74800000000005,237,London,City,Single-tier
2025-12-16,C1125,Smartphone,751.38,2.0,SAVE20,Hamilton,20,1502.76,300.552,1202.208,258,Hamilton,City,Single-tier
2025-03-21,C1076,Headphones,86.6,2.0,SAVE20,Waterloo,20,173.2,34.64,138.56,528,Waterloo,City,Lower-tier
2026-06-24,C1010,Coffee Maker,90.19,5.0,FREESHIP,London,0,450.95,0.0,450.95,68,London,City,Single-tier
2026-01-21,C1040,Water Bottle,25.0,2.0,WELCOME10,Kitchener,10,50.0,5.0,45.0,222,Kitchener,City,Lower-tier
2026-03-25,C1012,Keyboard,63.57,5.0,SAVE20,Mississauga,20,317.85,63.57000000000001,254.28000000000003,159,Mississauga,City,Lower-tier
2025-10-19,C1115,USB Cable,15.44,2.0,NONE,Hamilton,0,30.88,0.0,30.88,316,Hamilton,City,Single-tier
2026-04-26,C1050,Coffee Maker,93.62,2.0,SAVE15,London,15,187.24,28.086000000000002,159.154,127,London,City,Single-tier
2026-04-18,C1073,Running Shoes,127.09,5.0,NONE,Mississauga,0,635.45,0.0,635.45,135,Mississauga,City,Lower-tier
2025-06-15,C1052,Coffee Maker,97.01,5.0,NONE,Kitchener,0,485.05,0.0,485.05,442,Kitchener,City,Lower-tier
2026-05-08,C1096,Smartphone,677.31,1.0,FREESHIP,Waterloo,0,677.31,0.0,677.31,115,Waterloo,City,Lower-tier
2025-10-19,C1022,Hoodie,53.62,5.0,SAVE10,Kitchener,10,268.09999999999997,26.81,241.28999999999996,316,Kitchener,City,Lower-tier
2025-05-31,C1112,Smartphone,643.15,4.0,WELCOME10,Waterloo,10,2572.6,257.26,2315.34,457,Waterloo,City,Lower-tier
2025-01-28,C1107,Headphones,81.24,4.0,SAVE15,Toronto,15,324.96,48.74399999999999,276.216,580,Toronto,City,Single-tier
2025-08-30,C1099,Backpack,45.35,5.0,SAVE15,Waterloo,15,226.75,34.012499999999996,192.7375,366,Waterloo,City,Lower-tier
2025-11-23,C1026,USB Cable,14.89,2.0,SAVE10,London,10,29.78,2.978,26.802,281,London,City,Single-tier
2025-10-21,C1121,Keyboard,60.5,2.0,SAVE10,Kitchener,10,121.0,12.100000000000001,108.9,314,Kitchener,City,Lower-tier
2025-01-06,C1021,Hoodie,52.64,4.0,NONE,Toronto,0,210.56,0.0,210.56,602,Toronto,City,Single-tier
2026-07-16,C1136,Smartphone,712.71,2.0,SAVE20,Mississauga,20,1425.42,285.084,1140.336,46,Mississauga,City,Lower-tier
2025-11-05,C1032,Wireless Mouse,27.17,3.0,SAVE20,Toronto,20,81.51,16.302000000000003,65.208,299,Toronto,City,Single-tier
2026-04-14,C1017,Headphones,72.59,4.0,FREESHIP,Waterloo,0,290.36,0.0,290.36,139,Waterloo,City,Lower-tier
2025-01-17,C1132,Desk Lamp,42.57,5.0,WELCOME10,Hamilton,10,212.85,21.285,191.565,591,Hamilton,City,Single-tier
2026-03-16,C1001,Hoodie,53.45,2.0,SAVE15,London,15,106.9,16.035,90.86500000000001,168,London,City,Single-tier
2025-07-11,C1022,Headphones,74.02,5.0,NONE,London,0,370.09999999999997,0.0,370.09999999999997,416,London,City,Single-tier
2026-06-04,C1130,Wireless Mouse,30.12,5.0,WELCOME10,Toronto,10,150.6,15.06,135.54,88,Toronto,City,Single-tier
2026-02-01,C1096,Backpack,52.69,4.0,SAVE10,Ottawa,10,210.76,21.076,189.684,211,Ottawa,City,Single-tier
2025-03-11,C1089,Hoodie,51.86,1.0,SAVE15,Hamilton,15,51.86,7.779,44.081,538,Hamilton,City,Single-tier
2025-12-07,C1035,Hoodie,56.34,1.0,WELCOME10,Toronto,10,56.34,5.634,50.706,267,Toronto,City,Single-tier
2025-06-29,C1119,USB Cable,13.75,5.0,SAVE15,Brampton,15,68.75,10.3125,58.4375,428,Brampton,City,Lower-tier
2025-03-06,C1118,Running Shoes,109.23,2.0,SAVE20,Toronto,20,218.46,43.69200000000001,174.768,543,Toronto,City,Single-tier
2025-07-24,C1011,Smartphone,704.38,2.0,SAVE10,London,10,1408.76,140.876,1267.884,403,London,City,Single-tier
2026-07-11,C1122,Smartphone,705.68,5.0,NONE,Ottawa,0,3528.3999999999996,0.0,3528.3999999999996,51,Ottawa,City,Single-tier
2026-01-01,C1013,Laptop,924.73,2.0,SAVE15,London,15,1849.46,277.419,1572.0410000000002,242,London,City,Single-tier
2026-03-24,C1103,Smartphone,731.64,1.0,SAVE15,Brampton,15,731.64,109.746,621.894,160,Brampton,City,Lower-tier
2026-05-24,C1128,Backpack,54.75,3.0,SAVE20,London,20,164.25,32.85,131.4,99,London,City,Single-tier
2026-03-11,C1021,Coffee Maker,90.28,3.0,SAVE10,Mississauga,10,270.84000000000003,27.084000000000003,243.75600000000003,173,Mississauga,City,Lower-tier
2025-10-28,C1083,Water Bottle,24.11,2.0,WELCOME10,Waterloo,10,48.22,4.822,43.397999999999996,307,Waterloo,City,Lower-tier
2025-10-30,C1079,Wireless Mouse,31.76,3.0,FREESHIP,Brampton,0,95.28,0.0,95.28,305,Brampton,City,Lower-tier
2026-03-31,C1090,Water Bottle,23.84,4.0,SAVE20,Brampton,20,95.36,19.072,76.288,153,Brampton,City,Lower-tier
2026-03-22,C1071,Laptop,889.0,3.0,WELCOME10,Toronto,10,2667.0,266.7,2400.3,162,Toronto,City,Single-tier
2026-06-10,C1041,Wireless Mouse,27.46,4.0,SAVE15,Toronto,15,109.84,16.476,93.364,82,Toronto,City,Single-tier
2026-03-25,C1009,Keyboard,54.3,5.0,FREESHIP,Kitchener,0,271.5,0.0,271.5,159,Kitchener,City,Lower-tier
2026-01-11,C1093,Wireless Mouse,32.76,2.0,FREESHIP,Mississauga,0,65.52,0.0,65.52,232,Mississauga,City,Lower-tier
2025-06-07,C1116,Water Bottle,26.67,1.0,WELCOME10,London,10,26.67,2.6670000000000003,24.003,450,London,City,Single-tier
2026-08-11,C1036,USB Cable,15.58,4.0,SAVE10,London,10,62.32,6.232,56.088,20,London,City,Single-tier
2025-10-13,C1064,Backpack,49.08,3.0,FREESHIP,Waterloo,0,147.24,0.0,147.24,322,Waterloo,City,Lower-tier
2026-06-15,C1100,Laptop,841.18,2.0,NONE,Waterloo,0,1682.36,0.0,1682.36,77,Waterloo,City,Lower-tier
2026-04-02,C1055,Smartphone,651.89,3.0,FREESHIP,Ottawa,0,1955.67,0.0,1955.67,151,Ottawa,City,Single-tier
2025-05-06,C1035,Hoodie,52.24,4.0,SAVE20,Waterloo,20,208.96,41.792,167.168,482,Waterloo,City,Lower-tier
2026-04-01,C1023,Desk Lamp,40.38,2.0,FREESHIP,London,0,80.76,0.0,80.76,152,London,City,Single-tier
2025-03-08,C1141,Running Shoes,125.14,3.0,FREESHIP,Ottawa,0,375.42,0.0,375.42,541,Ottawa,City,Single-tier
2025-06-28,C1093,Smartphone,722.42,2.0,FREESHIP,Hamilton,0,1444.84,0.0,1444.84,429,Hamilton,City,Single-tier
2025-08-31,C1127,Wireless Mouse,28.67,2.0,SAVE20,Toronto,20,57.34,11.468000000000002,45.872,365,Toronto,City,Single-tier
2026-01-13,C1120,USB Cable,16.35,5.0,WELCOME10,Kitchener,10,81.75,8.175,73.575,230,Kitchener,City,Lower-tier
2025-11-13,C1102,Water Bottle,26.18,1.0,SAVE10,Brampton,10,26.18,2.6180000000000003,23.561999999999998,291,Brampton,City,Lower-tier
2026-08-12,C1019,Coffee Maker,90.97,4.0,NONE,Kitchener,0,363.88,0.0,363.88,19,Kitchener,City,Lower-tier
2026-04-23,C1133,USB Cable,15.32,1.0,NONE,London,0,15.32,0.0,15.32,130,London,City,Single-tier
2026-08-25,C1047,Keyboard,59.03,5.0,FREESHIP,Kitchener,0,295.15,0.0,295.15,6,Kitchener,City,Lower-tier
2025-05-08,C1133,Backpack,47.47,5.0,SAVE10,Kitchener,10,237.35,23.735,213.615,480,Kitchener,City,Lower-tier
2025-11-27,C1058,Smartphone,679.83,2.0,SAVE20,London,20,1359.66,271.932,1087.728,277,London,City,Single-tier
2025-09-14,C1051,Coffee Maker,94.63,3.0,SAVE10,Ottawa,10,283.89,28.389,255.50099999999998,351,Ottawa,City,Single-tier
2026-07-01,C1024,Keyboard,54.16,3.0,WELCOME10,Kitchener,10,162.48,16.248,146.232,61,Kitchener,City,Lower-tier
2025-06-25,C1087,Water Bottle,23.07,5.0,SAVE20,Toronto,20,115.35,23.07,92.28,432,Toronto,City,Single-tier
2026-08-14,C1068,Laptop,818.27,1.0,SAVE10,Hamilton,10,818.27,81.827,736.443,17,Hamilton,City,Single-tier
2025-02-01,C1128,Water Bottle,22.69,4.0,WELCOME10,Ottawa,10,90.76,9.076,81.684,576,Ottawa,City,Single-tier
2025-09-08,C1104,Running Shoes,128.52,3.0,NONE,Ottawa,0,385.56000000000006,0.0,385.56000000000006,357,Ottawa,City,Single-tier
2025-03-03,C1041,Desk Lamp,41.62,1.0,FREESHIP,Brampton,0,41.62,0.0,41.62,546,Brampton,City,Lower-tier
2025-07-28,C1088,Backpack,49.73,4.0,NONE,Kitchener,0,198.92,0.0,198.92,399,Kitchener,City,Lower-tier
2025-12-20,C1103,USB Cable,13.78,3.0,FREESHIP,Kitchener,0,41.339999999999996,0.0,41.339999999999996,254,Kitchener,City,Lower-tier
2025-04-19,C1082,USB Cable,14.96,5.0,WELCOME10,Hamilton,10,74.80000000000001,7.480000000000001,67.32000000000001,499,Hamilton,City,Single-tier
2026-04-06,C1064,Desk Lamp,39.78,1.0,SAVE15,Kitchener,15,39.78,5.967,33.813,147,Kitchener,City,Lower-tier
2026-01-29,C1108,Wireless Mouse,28.03,1.0,SAVE15,Hamilton,15,28.03,4.2045,23.8255,214,Hamilton,City,Single-tier
2025-11-17,C1049,Keyboard,59.2,3.0,WELCOME10,Kitchener,10,177.60000000000002,17.76,159.84000000000003,287,Kitchener,City,Lower-tier
2026-05-26,C1079,Desk Lamp,39.18,5.0,NONE,Brampton,0,195.9,0.0,195.9,97,Brampton,City,Lower-tier
2026-06-02,C1118,Laptop,920.84,1.0,NONE,Hamilton,0,920.84,0.0,920.84,90,Hamilton,City,Single-tier
2025-02-19,C1013,Headphones,82.15,5.0,SAVE15,Ottawa,15,410.75,61.6125,349.1375,558,Ottawa,City,Single-tier
2026-04-27,C1074,Desk Lamp,36.35,5.0,FREESHIP,Toronto,0,181.75,0.0,181.75,126,Toronto,City,Single-tier
2025-09-28,C1094,Wireless Mouse,29.24,4.0,SAVE20,Mississauga,20,116.96,23.392,93.568,337,Mississauga,City,Lower-tier
2025-02-22,C1146,USB Cable,15.37,1.0,NONE,Hamilton,0,15.37,0.0,15.37,555,Hamilton,City,Single-tier
2025-03-17,C1099,USB Cable,15.0,5.0,SAVE15,Brampton,15,75.0,11.25,63.75,532,Brampton,City,Lower-tier
2025-05-02,C1033,Coffee Maker,96.41,3.0,WELCOME10,Waterloo,10,289.23,28.923000000000002,260.307,486,Waterloo,City,Lower-tier
2026-07-26,C1094,Backpack,51.58,3.0,SAVE15,Kitchener,15,154.74,23.211000000000002,131.529,36,Kitchener,City,Lower-tier
2026-02-16,C1129,Headphones,74.6,5.0,WELCOME10,Toronto,10,373.0,37.300000000000004,335.7,196,Toronto,City,Single-tier
2025-12-08,C1122,Laptop,822.69,1.0,SAVE20,Brampton,20,822.69,164.538,658.152,266,Brampton,City,Lower-tier
2025-05-24,C1084,Keyboard,61.7,5.0,WELCOME10,London,10,308.5,30.85,277.65,464,London,City,Single-tier
2025-11-03,C1087,Keyboard,54.31,4.0,WELCOME10,Brampton,10,217.24,21.724000000000004,195.51600000000002,301,Brampton,City,Lower-tier
2026-05-02,C1005,Hoodie,55.93,5.0,SAVE15,London,15,279.65,41.9475,237.7025,121,London,City,Single-tier
2026-08-21,C1079,USB Cable,16.31,1.0,NONE,Toronto,0,16.31,0.0,16.31,10,Toronto,City,Single-tier
2026-08-16,C1148,Water Bottle,25.37,4.0,SAVE15,Hamilton,15,101.48,15.222,86.25800000000001,15,Hamilton,City,Single-tier
2026-05-07,C1044,Hoodie,53.76,1.0,WELCOME10,Mississauga,10,53.76,5.376,48.384,116,Mississauga,City,Lower-tier
2026-08-10,C1029,Keyboard,61.71,2.0,SAVE10,Hamilton,10,123.42,12.342,111.078,21,Hamilton,City,Single-tier
2026-03-05,C1039,Laptop,892.48,4.0,SAVE15,Mississauga,15,3569.92,535.4879999999999,3034.4320000000002,179,Mississauga,City,Lower-tier
2026-05-29,C1121,Hoodie,55.49,2.0,NONE,Toronto,0,110.98,0.0,110.98,94,Toronto,City,Single-tier
2025-08-01,C1144,Hoodie,59.85,2.0,WELCOME10,London,10,119.7,11.97,107.73,395,London,City,Single-tier
2026-01-21,C1081,Running Shoes,117.26,4.0,WELCOME10,Kitchener,10,469.04,46.904,422.136,222,Kitchener,City,Lower-tier
2026-07-14,C1091,Desk Lamp,43.68,5.0,SAVE15,Ottawa,15,218.4,32.76,185.64000000000001,48,Ottawa,City,Single-tier
2025-09-10,C1072,Water Bottle,27.02,4.0,SAVE20,Ottawa,20,108.08,21.616,86.464,355,Ottawa,City,Single-tier
2025-08-01,C1126,Headphones,75.12,3.0,SAVE15,London,15,225.36,33.804,191.556,395,London,City,Single-tier
2025-10-08,C1074,Desk Lamp,36.55,3.0,WELCOME10,Waterloo,10,109.64999999999999,10.965,98.68499999999999,327,Waterloo,City,Lower-tier
2026-02-09,C1089,Water Bottle,22.99,5.0,NONE,Kitchener,0,114.94999999999999,0.0,114.94999999999999,203,Kitchener,City,Lower-tier
2025-03-22,C1089,Smartphone,632.54,1.0,SAVE15,Brampton,15,632.54,94.88099999999999,537.659,527,Brampton,City,Lower-tier
2026-05-06,C1055,Running Shoes,110.26,3.0,FREESHIP,Hamilton,0,330.78000000000003,0.0,330.78000000000003,117,Hamilton,City,Single-tier
2025-10-06,C1036,Coffee Maker,93.28,3.0,WELCOME10,Waterloo,10,279.84000000000003,27.984000000000005,251.85600000000002,329,Waterloo,City,Lower-tier
2025-09-06,C1013,Water Bottle,22.85,5.0,SAVE20,Hamilton,20,114.25,22.85,91.4,359,Hamilton,City,Single-tier
2025-04-13,C1106,Running Shoes,115.65,2.0,SAVE10,London,10,231.3,23.130000000000003,208.17000000000002,505,London,City,Single-tier
2025-05-21,C1002,Hoodie,58.78,4.0,SAVE10,Kitchener,10,235.12,23.512,211.608,467,Kitchener,City,Lower-tier
2025-07-24,C1074,Backpack,45.22,4.0,NONE,London,0,180.88,0.0,180.88,403,London,City,Single-tier
2026-08-11,C1060,Smartphone,744.01,1.0,SAVE10,Toronto,10,744.01,74.401,669.609,20,Toronto,City,Single-tier
2025-02-07,C1102,Keyboard,57.37,4.0,SAVE20,Brampton,20,229.48,45.896,183.584,570,Brampton,City,Lower-tier
2025-01-10,C1077,Keyboard,55.41,3.0,SAVE10,Waterloo,10,166.23,16.623,149.607,598,Waterloo,City,Lower-tier
2026-07-11,C1135,USB Cable,15.58,3.0,NONE,Brampton,0,46.74,0.0,46.74,51,Brampton,City,Lower-tier
2025-10-07,C1050,Keyboard,61.54,5.0,NONE,Waterloo,0,307.7,0.0,307.7,328,Waterloo,City,Lower-tier
2026-04-15,C1066,USB Cable,16.12,2.0,FREESHIP,Kitchener,0,32.24,0.0,32.24,138,Kitchener,City,Lower-tier
2026-08-05,C1050,Laptop,942.3,3.0,SAVE15,Kitchener,15,2826.8999999999996,424.0349999999999,2402.865,26,Kitchener,City,Lower-tier
2026-06-12,C1084,Water Bottle,26.51,4.0,NONE,Waterloo,0,106.04,0.0,106.04,80,Waterloo,City,Lower-tier
2025-05-24,C1123,Backpack,47.81,1.0,SAVE20,London,20,47.81,9.562000000000001,38.248000000000005,464,London,City,Single-tier
2026-01-28,C1061,Headphones,74.83,1.0,SAVE15,Brampton,15,74.83,11.224499999999999,63.6055,215,Brampton,City,Lower-tier
2026-08-20,C1147,Smartphone,735.08,3.0,SAVE15,Toronto,15,2205.2400000000002,330.786,1874.4540000000002,11,Toronto,City,Single-tier
2025-08-30,C1016,Smartphone,742.95,3.0,FREESHIP,Waterloo,0,2228.8500000000004,0.0,2228.8500000000004,366,Waterloo,City,Lower-tier
2026-02-20,C1129,Desk Lamp,43.91,3.0,SAVE20,Ottawa,20,131.73,26.346,105.38399999999999,192,Ottawa,City,Single-tier
2025-10-30,C1095,Hoodie,54.03,1.0,FREESHIP,Hamilton,0,54.03,0.0,54.03,305,Hamilton,City,Single-tier
2025-06-06,C1117,Headphones,77.94,2.0,NONE,London,0,155.88,0.0,155.88,451,London,City,Single-tier
2026-07-05,C1056,Backpack,52.75,5.0,NONE,Hamilton,0,263.75,0.0,263.75,57,Hamilton,City,Single-tier
2026-06-23,C1115,Running Shoes,116.17,5.0,SAVE10,London,10,580.85,58.08500000000001,522.765,69,London,City,Single-tier
2025-03-05,C1141,Wireless Mouse,32.57,5.0,SAVE10,Hamilton,10,162.85,16.285,146.565,544,Hamilton,City,Single-tier
2025-06-18,C1084,Water Bottle,26.78,5.0,SAVE20,Brampton,20,133.9,26.78,107.12,439,Brampton,City,Lower-tier
2026-08-21,C1126,Wireless Mouse,29.56,2.0,FREESHIP,Waterloo,0,59.12,0.0,59.12,10,Waterloo,City,Lower-tier
2026-04-10,C1034,Coffee Maker,94.51,4.0,SAVE10,Mississauga,10,378.04,37.804,340.236,143,Mississauga,City,Lower-tier
2026-07-27,C1119,Desk Lamp,42.03,5.0,SAVE10,Ottawa,10,210.15,21.015,189.135,35,Ottawa,City,Single-tier
2025-09-18,C1001,Hoodie,50.63,1.0,NONE,Hamilton,0,50.63,0.0,50.63,347,Hamilton,City,Single-tier
2026-03-10,C1089,Water Bottle,27.0,1.0,SAVE10,Waterloo,10,27.0,2.7,24.3,174,Waterloo,City,Lower-tier
2026-04-29,C1009,Coffee Maker,90.08,1.0,SAVE10,Ottawa,10,90.08,9.008000000000001,81.072,124,Ottawa,City,Single-tier
2026-03-07,C1096,Backpack,53.25,2.0,SAVE20,Mississauga,20,106.5,21.3,85.2,177,Mississauga,City,Lower-tier
2025-03-24,C1139,Desk Lamp,38.55,4.0,NONE,Kitchener,0,154.2,0.0,154.2,525,Kitchener,City,Lower-tier
2025-07-02,C1138,Running Shoes,129.48,3.0,SAVE10,Mississauga,10,388.43999999999994,38.843999999999994,349.59599999999995,425,Mississauga,City,Lower-tier
2025-08-17,C1001,Coffee Maker,88.0,2.0,FREESHIP,Toronto,0,176.0,0.0,176.0,379,Toronto,City,Single-tier
2026-07-12,C1109,Smartphone,631.51,4.0,FREESHIP,Mississauga,0,2526.04,0.0,2526.04,50,Mississauga,City,Lower-tier
2025-12-21,C1040,Headphones,86.48,2.0,NONE,Ottawa,0,172.96,0.0,172.96,253,Ottawa,City,Single-tier
2026-03-06,C1005,Headphones,73.45,1.0,SAVE10,Hamilton,10,73.45,7.345000000000001,66.105,178,Hamilton,City,Single-tier
2025-02-04,C1115,Headphones,77.1,1.0,SAVE10,Toronto,10,77.1,7.71,69.39,573,Toronto,City,Single-tier
2026-03-26,C1060,Headphones,87.19,1.0,NONE,Hamilton,0,87.19,0.0,87.19,158,Hamilton,City,Single-tier
2025-10-24,C1060,Laptop,981.1,2.0,WELCOME10,London,10,1962.2,196.22000000000003,1765.98,311,London,City,Single-tier
2025-11-25,C1061,Water Bottle,25.36,5.0,FREESHIP,Ottawa,0,126.8,0.0,126.8,279,Ottawa,City,Single-tier
2026-02-28,C1077,Keyboard,61.57,5.0,SAVE20,Ottawa,20,307.85,61.57000000000001,246.28000000000003,184,Ottawa,City,Single-tier
2025-06-29,C1110,Laptop,890.71,5.0,WELCOME10,Brampton,10,4453.55,445.355,4008.195,428,Brampton,City,Lower-tier
2026-01-26,C1135,Laptop,862.77,3.0,FREESHIP,London,0,2588.31,0.0,2588.31,217,London,City,Single-tier
2025-06-02,C1077,Hoodie,53.11,4.0,NONE,Mississauga,0,212.44,0.0,212.44,455,Mississauga,City,Lower-tier
2025-09-04,C1058,Keyboard,62.06,5.0,NONE,Ottawa,0,310.3,0.0,310.3,361,Ottawa,City,Single-tier
2025-03-01,C1144,Hoodie,57.77,2.0,NONE,Mississauga,0,115.54,0.0,115.54,548,Mississauga,City,Lower-tier
2025-05-18,C1100,Backpack,52.91,5.0,WELCOME10,Hamilton,10,264.54999999999995,26.455,238.09499999999997,470,Hamilton,City,Single-tier
2025-03-22,C1116,Smartphone,740.54,2.0,SAVE15,London,15,1481.08,222.16199999999998,1258.918,527,London,City,Single-tier
2025-07-15,C1014,Wireless Mouse,27.54,5.0,FREESHIP,Ottawa,0,137.7,0.0,137.7,412,Ottawa,City,Single-tier
2025-02-10,C1019,Backpack,49.93,5.0,WELCOME10,Hamilton,10,249.65,24.965000000000003,224.685,567,Hamilton,City,Single-tier
2026-05-06,C1054,Water Bottle,22.78,5.0,SAVE20,London,20,113.9,22.78,91.12,117,London,City,Single-tier
2025-07-14,C1031,Smartphone,706.92,1.0,SAVE20,Brampton,20,706.92,141.384,565.536,413,Brampton,City,Lower-tier
2025-07-29,C1102,Headphones,79.05,5.0,FREESHIP,Hamilton,0,395.25,0.0,395.25,398,Hamilton,City,Single-tier
2026-01-25,C1120,Coffee Maker,96.97,3.0,SAVE15,London,15,290.90999999999997,43.63649999999999,247.27349999999998,218,London,City,Single-tier
2026-06-10,C1128,Smartphone,679.12,3.0,SAVE15,Brampton,15,2037.3600000000001,305.604,1731.756,82,Brampton,City,Lower-tier
2025-07-28,C1095,Wireless Mouse,27.69,4.0,SAVE15,London,15,110.76,16.614,94.146,399,London,City,Single-tier
2025-08-15,C1038,Backpack,46.42,1.0,WELCOME10,Toronto,10,46.42,4.642,41.778,381,Toronto,City,Single-tier
2026-08-17,C1107,Smartphone,736.6,5.0,WELCOME10,Ottawa,10,3683.0,368.3,3314.7,14,Ottawa,City,Single-tier
2025-08-24,C1098,Keyboard,61.41,2.0,SAVE15,Hamilton,15,122.82,18.423,104.39699999999999,372,Hamilton,City,Single-tier
2025-12-12,C1066,Desk Lamp,36.8,5.0,FREESHIP,Brampton,0,184.0,0.0,184.0,262,Brampton,City,Lower-tier
2025-06-22,C1091,Hoodie,50.42,4.0,NONE,Kitchener,0,201.68,0.0,201.68,435,Kitchener,City,Lower-tier
2025-07-08,C1139,Keyboard,62.4,5.0,NONE,Toronto,0,312.0,0.0,312.0,419,Toronto,City,Single-tier
2025-02-19,C1002,Coffee Maker,82.3,1.0,SAVE10,Mississauga,10,82.3,8.23,74.07,558,Mississauga,City,Lower-tier
2025-06-04,C1003,Keyboard,63.85,2.0,SAVE10,Hamilton,10,127.7,12.770000000000001,114.93,453,Hamilton,City,Single-tier
2025-03-03,C1124,Coffee Maker,93.7,4.0,SAVE15,Brampton,15,374.8,56.22,318.58000000000004,546,Brampton,City,Lower-tier
2026-07-19,C1106,Laptop,824.63,1.0,WELCOME10,Toronto,10,824.63,82.46300000000001,742.167,43,Toronto,City,Single-tier
2025-10-09,C1138,Laptop,825.26,5.0,FREESHIP,Ottawa,0,4126.3,0.0,4126.3,326,Ottawa,City,Single-tier
2026-03-17,C1046,Laptop,987.58,5.0,FREESHIP,Waterloo,0,4937.900000000001,0.0,4937.900000000001,167,Waterloo,City,Lower-tier
2025-09-04,C1050,Wireless Mouse,29.24,5.0,SAVE20,Ottawa,20,146.2,29.24,116.96,361,Ottawa,City,Single-tier
2025-03-22,C1096,USB Cable,14.6,3.0,NONE,Mississauga,0,43.8,0.0,43.8,527,Mississauga,City,Lower-tier
2025-08-20,C1077,Desk Lamp,42.49,5.0,SAVE20,Waterloo,20,212.45000000000002,42.49000000000001,169.96,376,Waterloo,City,Lower-tier
2026-02-20,C1098,Running Shoes,130.72,1.0,SAVE10,Mississauga,10,130.72,13.072000000000001,117.648,192,Mississauga,City,Lower-tier
2025-01-10,C1044,Coffee Maker,98.74,4.0,SAVE10,Waterloo,10,394.96,39.496,355.464,598,Waterloo,City,Lower-tier
2025-12-06,C1145,Desk Lamp,42.02,4.0,FREESHIP,Waterloo,0,168.08,0.0,168.08,268,Waterloo,City,Lower-tier
2025-08-05,C1146,Coffee Maker,87.76,1.0,SAVE20,Brampton,20,87.76,17.552000000000003,70.208,391,Brampton,City,Lower-tier
2025-10-15,C1140,Smartphone,641.68,1.0,SAVE10,Toronto,10,641.68,64.16799999999999,577.512,320,Toronto,City,Single-tier
2025-08-01,C1037,Keyboard,63.32,3.0,SAVE10,Mississauga,10,189.96,18.996000000000002,170.964,395,Mississauga,City,Lower-tier
2026-08-01,C1062,Wireless Mouse,30.34,3.0,SAVE20,Mississauga,20,91.02,18.204,72.816,30,Mississauga,City,Lower-tier
2026-01-29,C1036,Running Shoes,118.17,5.0,SAVE15,Waterloo,15,590.85,88.6275,502.2225,214,Waterloo,City,Lower-tier
2025-04-11,C1112,Coffee Maker,97.3,3.0,SAVE10,Hamilton,10,291.9,29.189999999999998,262.71,507,Hamilton,City,Single-tier
2026-02-11,C1084,Wireless Mouse,27.66,3.0,WELCOME10,Toronto,10,82.98,8.298,74.682,201,Toronto,City,Single-tier
2026-05-18,C1059,Running Shoes,119.81,3.0,NONE,London,0,359.43,0.0,359.43,105,London,City,Single-tier
2025-07-10,C1150,Coffee Maker,81.2,4.0,NONE,Mississauga,0,324.8,0.0,324.8,417,Mississauga,City,Lower-tier
2025-09-10,C1019,Wireless Mouse,29.8,5.0,SAVE15,Waterloo,15,149.0,22.349999999999998,126.65,355,Waterloo,City,Lower-tier
2025-06-07,C1100,Smartphone,637.87,2.0,NONE,London,0,1275.74,0.0,1275.74,450,London,City,Single-tier
2025-01-06,C1079,USB Cable,13.85,1.0,SAVE10,Brampton,10,13.85,1.385,12.465,602,Brampton,City,Lower-tier
2025-05-16,C1023,USB Cable,13.84,3.0,SAVE10,Kitchener,10,41.519999999999996,4.152,37.367999999999995,472,Kitchener,City,Lower-tier
2026-07-23,C1132,Backpack,51.48,4.0,WELCOME10,Mississauga,10,205.92,20.592,185.32799999999997,39,Mississauga,City,Lower-tier
2025-12-29,C1142,Wireless Mouse,31.47,1.0,SAVE10,Waterloo,10,31.47,3.1470000000000002,28.323,245,Waterloo,City,Lower-tier
2026-01-30,C1004,Water Bottle,25.41,5.0,SAVE15,Ottawa,15,127.05,19.057499999999997,107.9925,213,Ottawa,City,Single-tier
2026-07-27,C1063,Backpack,54.61,4.0,SAVE10,Kitchener,10,218.44,21.844,196.596,35,Kitchener,City,Lower-tier
2025-05-23,C1069,Running Shoes,116.99,4.0,SAVE20,Ottawa,20,467.96,93.592,374.368,465,Ottawa,City,Single-tier
2025-03-06,C1043,Smartphone,669.99,4.0,SAVE20,Mississauga,20,2679.96,535.9920000000001,2143.968,543,Mississauga,City,Lower-tier
2026-05-11,C1020,Smartphone,751.59,4.0,SAVE15,London,15,3006.36,450.954,2555.406,112,London,City,Single-tier
2026-05-23,C1051,Smartphone,661.29,2.0,FREESHIP,Brampton,0,1322.58,0.0,1322.58,100,Brampton,City,Lower-tier
2025-01-07,C1102,Wireless Mouse,32.77,2.0,SAVE15,London,15,65.54,9.831000000000001,55.709,601,London,City,Single-tier
2026-03-27,C1086,Water Bottle,22.55,4.0,SAVE15,Mississauga,15,90.2,13.53,76.67,157,Mississauga,City,Lower-tier
2025-11-04,C1083,Running Shoes,131.27,5.0,SAVE20,Hamilton,20,656.35,131.27,525.08,300,Hamilton,City,Single-tier
2026-02-12,C1082,Desk Lamp,36.34,3.0,SAVE20,Ottawa,20,109.02000000000001,21.804000000000002,87.21600000000001,200,Ottawa,City,Single-tier
2025-09-06,C1084,Hoodie,59.29,4.0,WELCOME10,Mississauga,10,237.16,23.716,213.444,359,Mississauga,City,Lower-tier
2025-04-27,C1145,Smartphone,703.87,4.0,SAVE15,Hamilton,15,2815.48,422.322,2393.158,491,Hamilton,City,Single-tier
2026-07-18,C1007,Water Bottle,27.45,5.0,SAVE20,Brampton,20,137.25,27.450000000000003,109.8,44,Brampton,City,Lower-tier
2025-10-26,C1018,Hoodie,50.3,2.0,NONE,Mississauga,0,100.6,0.0,100.6,309,Mississauga,City,Lower-tier
2025-11-07,C1062,Running Shoes,121.28,4.0,SAVE20,Ottawa,20,485.12,97.024,388.096,297,Ottawa,City,Single-tier
2026-03-10,C1097,Running Shoes,131.25,2.0,FREESHIP,Waterloo,0,262.5,0.0,262.5,174,Waterloo,City,Lower-tier
2026-08-20,C1103,Desk Lamp,40.17,5.0,NONE,Mississauga,0,200.85000000000002,0.0,200.85000000000002,11,Mississauga,City,Lower-tier
2026-07-04,C1022,Coffee Maker,92.32,1.0,SAVE15,Waterloo,15,92.32,13.847999999999999,78.472,58,Waterloo,City,Lower-tier
2025-02-15,C1145,Headphones,83.12,3.0,SAVE20,Mississauga,20,249.36,49.87200000000001,199.488,562,Mississauga,City,Lower-tier
2025-01-11,C1026,USB Cable,14.85,4.0,SAVE10,Ottawa,10,59.4,5.94,53.46,597,Ottawa,City,Single-tier
2026-06-16,C1143,Headphones,82.03,5.0,FREESHIP,Hamilton,0,410.15,0.0,410.15,76,Hamilton,City,Single-tier
2026-04-20,C1129,Desk Lamp,40.66,3.0,NONE,Kitchener,0,121.97999999999999,0.0,121.97999999999999,133,Kitchener,City,Lower-tier
2025-04-18,C1076,USB Cable,16.19,1.0,NONE,Mississauga,0,16.19,0.0,16.19,500,Mississauga,City,Lower-tier
2025-05-26,C1090,Wireless Mouse,27.26,1.0,FREESHIP,Ottawa,0,27.26,0.0,27.26,462,Ottawa,City,Single-tier
2026-06-18,C1124,USB Cable,14.33,4.0,SAVE20,London,20,57.32,11.464,45.856,74,London,City,Single-tier
2026-04-09,C1082,Desk Lamp,43.59,1.0,NONE,Waterloo,0,43.59,0.0,43.59,144,Waterloo,City,Lower-tier
2025-04-28,C1006,Smartphone,754.63,1.0,FREESHIP,London,0,754.63,0.0,754.63,490,London,City,Single-tier
2025-06-18,C1063,Running Shoes,118.93,1.0,FREESHIP,Kitchener,0,118.93,0.0,118.93,439,Kitchener,City,Lower-tier
2026-07-28,C1110,Coffee Maker,92.15,2.0,SAVE15,Brampton,15,184.3,27.645,156.655,34,Brampton,City,Lower-tier
2025-07-08,C1048,Headphones,76.43,4.0,FREESHIP,Mississauga,0,305.72,0.0,305.72,419,Mississauga,City,Lower-tier
2025-07-22,C1116,Backpack,46.87,1.0,FREESHIP,Mississauga,0,46.87,0.0,46.87,405,Mississauga,City,Lower-tier
2025-08-08,C1053,Backpack,49.63,1.0,FREESHIP,Ottawa,0,49.63,0.0,49.63,388,Ottawa,City,Single-tier
2025-04-15,C1138,Hoodie,53.38,1.0,WELCOME10,Kitchener,10,53.38,5.338000000000001,48.042,503,Kitchener,City,Lower-tier
2026-04-14,C1030,USB Cable,15.24,3.0,SAVE20,Ottawa,20,45.72,9.144,36.576,139,Ottawa,City,Single-tier
2025-11-17,C1100,Running Shoes,109.86,4.0,WELCOME10,Mississauga,10,439.44,43.944,395.496,287,Mississauga,City,Lower-tier
2025-12-27,C1118,Water Bottle,27.36,1.0,SAVE15,Kitchener,15,27.36,4.104,23.256,247,Kitchener,City,Lower-tier
2026-08-28,C1022,Running Shoes,131.66,3.0,WELCOME10,Kitchener,10,394.98,39.498000000000005,355.482,3,Kitchener,City,Lower-tier
